COMPONENT,CASNO,SMILES,Notes,"Critical temp, K",Accentric Factor,"Critical pressure, Mpa",HoV,Vp,YSI,YSI_err,pred_type,sooting_index
n-butane,106-97-8,CCCC,,425.16,0.1931,3.8,21.0043285,5020.484556,18.50550992,8.49817699,prediction,0.077421970944051
n-pentane,109-66-0,CCCCC,,469.71,0.2486,3.37,26.07232725,2228.862271,24.6,2.4,experiment,0.2877608269901034
n-hexane,110-54-3,CCCCCC,,507.3722222,0.3047,3.01231946,31.22331654,1089.577168,30.4,2.3,experiment,0.871153370952428
n-heptane,142-82-5,CCCCCCC,,540.2055556,0.3494,2.735839693,36.58499075,566.4734731,36.0,2.2,experiment,2.3250156089259604
n-octane,111-65-9,CCCCCCCC,,568.8277778,0.3962,2.486938955,41.64304,302.7055347,42.6,2.0,experiment,5.860459425554072
n-nonane,111-84-2,CCCCCCCCC,,594.6388889,0.4368,2.287680469,44.57527038,164.2044847,50.1,2.0,experiment,13.600243928282918
n-decane,124-18-5,CCCCCCCCCC,,617.5944444,0.4842,2.104279925,51.37050175,90.89411084,54.00615122,2.700307561,experiment,30.522583477838165
n-undecane,1120-21-4,CCCCCCCCCCC,,639.1,0.5362,1.929980461,55.79260125,50.49491924,60.0889102,3.00444551,experiment,66.39314720756958
n-dodecane,112-40-3,CCCCCCCCCCCC,,658.4,0.5752,1.78001949,61.57134,29.00739566,67.05521295,3.352760648,experiment,142.33195436466332
i-butane,75-28-5,CC(C)C,,407.85,0.177,3.64,19.11091175,6364.063509,24.21249361,8.496507986,prediction,0.07270870694074164
i-pentane,78-78-4,CCC(C)C,,460.4277778,0.2275,3.381188975,24.92066975,2587.025188,30.65434248,8.464012599,prediction,0.295291576166701
"2,2-dimethylbutane",75-83-2,CCC(C)(C)C,,488.7777778,0.2339,3.080577557,27.716444,1539.838371,43.4,2.0,experiment,0.7811817735252421
"2,3-dimethylbutane",79-29-8,CC(C)C(C)C,,499.9777778,0.2476,3.126772431,29.1520185,1313.563491,44.0,2.0,experiment,0.976495481785585
2-methylpentane,107-83-5,CCCC(C)C,,497.5,0.2781,3.010251033,29.92518825,1288.943152,36.7,2.1,experiment,0.8520580656104841
3-methylpentane,96-14-0,CCC(C)CC,,504.4277778,0.2773,3.124014528,30.269293,1204.402557,38.2,2.1,experiment,0.960050263825536
"2,4-dimethylpentane",108-08-7,CC(C)CC(C)C,,519.7888889,0.3018,2.736804959,32.30901987,818.5402846,49.6,2.0,experiment,1.9577868257701148
"3,3-dimethylpentane",562-49-2,CCC(C)(C)CC,,536.4,0.2672,2.945509262,33.06604225,705.5981837,47.7,2.0,experiment,2.235337691849277
2-methylhexane,591-76-4,CCCCC(C)C,,530.3722222,0.3282,2.733771265,34.78025725,676.6796165,42.4,2.0,experiment,2.179292639295867
3-methylhexane,589-34-4,CCCC(C)CC,,535.25,0.3216,2.813819398,35.0480445,649.0693179,43.0,2.0,experiment,2.3218874655421455
"2,2,4-trimethylpentane",540-84-1,CC(C)CC(C)(C)C,,543.9611111,0.3031,2.567607615,35.2975455,526.9625256,61.7,2.0,experiment,4.13285281504655
"2,2-dimethylhexane",590-73-8,CCCCC(C)(C)C,,549.8,0.3378,2.530031188,37.25291975,454.8709058,52.8,2.0,experiment,4.324203060076215
"2,2,3-trimethylpentane",564-02-3,CCC(C)C(C)(C)C,,563.5,0.297,2.729703359,36.21453852,416.0566674,61.3412864,8.620589961,prediction,5.339288018339667
"2,5-dimethylhexane",592-13-2,CC(C)CCC(C)C,,550.0,0.3576,2.489972648,37.95812675,435.8332561,56.1,2.0,experiment,4.885930297587036
"2,4-dimethylhexane",589-43-5,CCC(C)CC(C)C,,553.5,0.3436,2.560023382,37.872757,430.6139549,56.1,2.0,experiment,4.934028829124692
"2,3,4-trimethylpentane",565-75-3,CC(C)C(C)C(C)C,,566.3,0.3161,2.729979149,37.7850075,387.7917354,60.9,2.0,experiment,5.933873124904147
"2,3-dimethylhexane",584-94-1,CCCC(C)C(C)C,,563.4,0.3472,2.630005168,38.94127825,375.0425771,55.68687279,8.586129239,prediction,5.7820581997801765
2-methylheptane,592-27-8,CCCCCC(C)C,,559.6388889,0.3769,2.484525789,39.75156575,362.2633967,49.4,2.0,experiment,5.420716986420284
4-methylheptane,589-53-7,CCCC(C)CCC,,561.7388889,0.3711,2.540028586,39.747804,360.4340446,48.1,2.0,experiment,5.304352907400136
3-ethylhexane,619-99-8,CCCC(CC)CC,,565.4,0.3628,2.610010372,39.7682405,352.5784102,49.97988911,8.434950743,prediction,5.637362336401535
c9-isoparaffin-x,,CCCCCCC(C)C,as 2-methyloctane,586.75,0.4217,2.289955739,43.16537772,196.8467834,56.42173798,8.448202326,prediction,12.372392321883225
"2,4-dimethylheptane",1071-26-7,CCCCCC(C)(C)C,,576.8,0.39,2.341,42.226691,251.2152817,62.07615159,8.629941203,prediction,10.434359143765771
c9-isoparaffin-y,,CCCCCCC(C)C,as 2-methyloctane,586.75,0.4217,2.289955739,43.16537772,196.8467834,56.42173798,8.448202326,prediction,12.372392321883225
"2,2,3-trimethylhexane",16747-25-4,CCCC(C)C(C)(C)C,,591.3,0.3181,2.540028586,39.58565456,240.9494532,67.78313528,8.619043197,prediction,11.136110676128437
"2,6-dimethylheptane",1072-05-5,CC(C)CCCC(C)C,,576.6,0.3955,2.209976554,42.76666525,235.9714171,62.12872167,8.589019664,prediction,11.260000362439282
"2,5-dimethylheptane",,CCC(C)CCC(C)C,,581.1,0.393,2.351,42.359407,233.4145688,62.12872167,8.589019664,prediction,11.274942353166644
"2,3-dimethylheptane",3074-71-3,CCCCC(C)C(C)C,,589.6,0.385,2.401,44.06777875,208.9696097,60.2,2.0,experiment,12.695053048902738
"3,5-dimethylheptane",,CCC(C)CC(C)CC,,583.2,0.385,2.401,42.54217825,232.9796286,62.12872167,8.589019664,prediction,11.344730728658126
4-ethylheptane,2216-32-2,CCCC(CC)CCC,,584.95,0.416,2.325,42.76693475,208.1771478,56.42173798,8.448202326,prediction,11.591016651791483
4-methyloctane,2216-34-4,CCCCC(C)CCC,,587.65,0.413,2.340632205,42.92140358,200.3163265,56.42173798,8.448202326,prediction,12.08937997634753
2-methyloctane,3221-61-2,CCCCCCC(C)C,,586.75,0.4217,2.289955739,43.16537772,197.0127308,56.42173798,8.448202326,prediction,12.36197083120463
"heptane, 3-ethyl-",15869-80-4,CCCCC(CC)CC,,594.3,0.3798,2.429988259,42.29506785,196.5320023,56.42173798,8.448202326,prediction,12.142354467219624
3-methyloctane,2216-33-3,CCCCCC(C)CC,,590.15,0.4125,2.340632205,44.546296,191.8204491,56.42173798,8.448202326,prediction,13.102771121035408
c10 - isoparaffin - 1,,CCCCCCCC(C)C,as 2-methylnonane,609.3,0.4636,2.050018185,50.0342065,109.058468,62.86358686,8.472872467,prediction,28.840765361603342
"octane, 3,3-dimethyl-",4110-44-5,CCCCCC(C)(C)CC,,612.1,0.404,2.219,45.88412925,125.8255852,68.51800046,8.64968331,prediction,24.986085175451255
c10-isoparaffin-x,,CCCCCCCC(C)C,as 2-methylnonane,609.3,0.4636,2.050018185,50.0342065,109.058468,62.86358686,8.472872467,prediction,28.840765361603342
"2,3-dimethyloctane",,CCCCCC(C)C(C)C,,613.0,0.433,2.21,48.7718515,116.8362953,68.57057054,8.603174941,prediction,28.623927821915068
"2,2-dimethyloctane",15869-87-1,CCCCCCC(C)(C)C,,602.0,0.429,2.16,46.528216,140.1344074,68.51800046,8.64968331,prediction,22.74973280609869
"2,5-dimethyloctane",15869-89-3,CCCC(C)CCC(C)C,,602.0,0.44,2.17,46.957847,135.0883405,68.57057054,8.603174941,prediction,23.83570890131727
"2,7-dimethyloctane",2040-95-1,CCCCC1CCCC1,,604.0,0.442,2.13,46.05074125,140.8596474,69.74790409,8.56559088,prediction,22.802433083318984
"2,6-dimethyloctane",,CCC(C)CCCC(C)C,,606.0,0.439,2.17,46.27378325,128.5726997,68.57057054,8.603174941,prediction,24.678798266664973
c10 isoparaffin -1,,CCCCCCCC(C)C,as 2-methylnonane,609.3,0.4636,2.050018185,50.0342065,109.058468,62.86358686,8.472872467,prediction,28.840765361603342
5-methylnonane,15869-85-9,CCCCC(C)CCCC,,609.7111111,0.4613,2.159300088,49.4869755,114.2271384,62.86358686,8.472872467,prediction,27.234585636638357
4-methylnonane,,CCCCCC(C)CCC,,619.0,0.4,2.210597082,52.55025775,112.430996,62.86358686,8.472872467,prediction,29.382446212452955
3-methylnonane,,CCCCCCC(C)CC,,613.7,0.4565,2.139994768,49.558223,106.5212317,62.86358686,8.472872467,prediction,29.246823440436707
c10 - isoparaffin - 5,,CCCCCCCC(C)C,as 2-methylnonane,609.3,0.4636,2.050018185,50.0342065,109.058468,62.86358686,8.472872467,prediction,28.840765361603342
3-ethyl-3-methylheptane,17302-01-1,CCCCC(C)(CC)CC,,620.0,0.389,2.31,45.8456655,117.791397,68.51800046,8.64968331,prediction,26.667935093918665
"heptane, 2,2,3,5-tetramethyl-",61868-42-6,CCC(C)CC(C)C(C)(C)C,,626.24,0.391,1.995,45.92287145,91.27616548,86.37381671,8.807809077,prediction,43.45640135691633
c11-isoparaffin-2,,CCCCCCCCC(C)C,as 2-methyldecane,631.76,0.507,1.948,54.5473105,61.91810199,69.30543573,8.508861848,prediction,61.055248798043856
c11-isoparaffin-3,,CCCCCCCCC(C)C,as 2-methyldecane,631.76,0.507,1.948,54.5473105,61.91810199,69.30543573,8.508861848,prediction,61.055248798043856
c11 isoparaffin-4,,CCCCCCCCC(C)C,as 2-methyldecane,631.76,0.507,1.948,54.5473105,61.91810199,69.30543573,8.508861848,prediction,61.055248798043856
c11-isoparaffin-5,,CCCCCCCCC(C)C,as 2-methyldecane,631.76,0.507,1.948,54.5473105,61.91810199,69.30543573,8.508861848,prediction,61.055248798043856
3-ethylnonane,,CCCCCCC(CC)CC,,630.13,0.507,1.948,51.9331975,63.8961504,69.30543573,8.508861848,prediction,56.329729710753384
c11-isoparaffin-7,,CCCCCCCCC(C)C,as 2-methyldecane,631.76,0.507,1.948,54.5473105,61.91810199,69.30543573,8.508861848,prediction,61.055248798043856
c11-isoparaffin-8,,CCCCCCCCC(C)C,as 2-methyldecane,631.76,0.507,1.948,54.5473105,61.91810199,69.30543573,8.508861848,prediction,61.055248798043856
c11-isoparaffin-9,,CCCCCCCCC(C)C,as 2-methyldecane,631.76,0.507,1.948,54.5473105,61.91810199,69.30543573,8.508861848,prediction,61.055248798043856
c11- isoparaffin-11,,CCCCCCCCC(C)C,as 2-methyldecane,631.76,0.507,1.948,54.5473105,61.91810199,69.30543573,8.508861848,prediction,61.055248798043856
c11 - isoparaffin - 14,,CCCCCCCCC(C)C,as 2-methyldecane,631.76,0.507,1.948,54.5473105,61.91810199,69.30543573,8.508861848,prediction,61.055248798043856
c12 - isoparaffin - 4,,CCCCCCCCCC(C)C,as 2-methylundecane,650.75,0.539,1.979,58.69938175,40.04603525,75.74728461,8.556027633,prediction,111.0301868359937
c12 - isoparaffin - 5,,CCCCCCCCCC(C)C,as 2-methylundecane,650.75,0.539,1.979,58.69938175,40.04603525,75.74728461,8.556027633,prediction,111.0301868359937
toluene,108-88-3,Cc1ccccc1,,591.7888889,0.2641,4.108585869,37.51774405,424.4666411,170.9,7.7,experiment,15.105503795372341
ethylbenzene,100-41-4,CCc1ccccc1,,617.1722222,0.3036,3.609405441,41.38615196,231.58566,216.0,10.8,experiment,38.60087374736415
m-xylene,108-38-3,Cc1cccc(C)c1,,617.05,0.326,3.541147344,42.30627013,217.3165903,221.6,9.3,experiment,43.14014612444432
p-xylene,106-42-3,Cc1ccc(C)cc1,,616.2611111,0.3259,3.510810412,42.22847158,218.3245903,202.0,10.1,experiment,39.070959654332626
o-xylene,95-47-6,Cc1ccccc1C,,630.3722222,0.3127,3.734200548,42.97798002,191.5073121,200.0,10.0,experiment,44.88390500469041
i-propylbenzene,98-82-8,CC(C)c1ccccc1,,631.15,0.3377,3.208820043,44.1225376,156.4216115,187.6,8.2,experiment,52.9171639032756
n-propylbenzene,103-65-1,CCCc1ccccc1,,638.3777778,0.3462,3.199856858,45.17335253,132.1603859,235.7,9.9,experiment,80.56392328770433
1-methyl-3-ethylbenzene,620-14-4,CCc1cccc(C)c1,,637.15,0.3221,3.247430684,44.00852598,124.914111,278.0,11.1,experiment,97.9422590810417
1-methyl-4-ethylbenzene,622-96-8,CCc1ccc(C)cc1,,640.15,0.3242,3.233641169,44.37803851,123.0644057,257.1,10.5,experiment,92.71237801070372
"1,3,5-trimethylbenzene",108-67-8,Cc1cc(C)cc(C)c1,,637.3611111,0.3985,3.126910326,47.35310906,115.5541622,310.9,12.3,experiment,127.4041655139446
1-methyl-2-ethylbenzene,611-14-3,CCc1ccccc1C,,651.15,0.2932,3.378431072,44.00649935,113.5868186,267.0,11.0,experiment,103.44277154048225
"1,2,4-trimethylbenzene",95-63-6,Cc1ccc(C)c(C)c1,,649.1277778,0.3792,3.232262218,47.66494315,102.5401287,308.3,12.2,experiment,143.31074243273306
"1,2,3-trimethylbenzene",526-73-8,Cc1cccc(C)c1C,,664.5277778,0.3664,3.454204455,48.57815832,86.35427097,315.1,12.3,experiment,177.25791109914803
c9 - aromatic - 1,,Cc1cc(C)cc(C)c1,"as 1,3,5-trimethylbenzene",637.3611111,0.3985,3.126910326,47.35310906,115.3157105,310.9,12.3,experiment,127.66761391765435
i-butylbenzene,538-93-2,CC(C)Cc1ccccc1,,650.15,0.3811,3.039760594,47.84988833,94.03092162,257.6,10.5,experiment,131.0859345144
sec-butylbenzene,135-98-8,CCC(C)c1ccccc1,,664.54,0.279,2.95,44.54896093,93.03780858,199.1,8.7,experiment,95.33434048520448
1-methyl-3-i-propylbenzene,535-77-3,Cc1cccc(C(C)C)c1,,649.0,0.378,2.81,47.59888993,88.93322931,289.2791201,13.52418946,prediction,154.82812334060682
1-methyl-4-i-propylbenzene,99-87-6,Cc1ccc(C(C)C)cc1,,653.15,0.3722,2.837123677,47.74283835,84.23640316,330.3,12.9,experiment,187.2048059441977
"1,3-diethylbenzene",141-93-5,CCc1cccc(CC)c1,,663.0,0.3497,2.880009068,47.66339871,76.28651721,320.9,12.8,experiment,200.4965648639421
1-methyl-3-n-propylbenzene,1074-43-7,CCCc1cccc(C)c1,,654.5722222,0.4098,2.806235165,49.57901321,74.27673757,294.0022249,9.3895946,prediction,196.243678289578
1-methyl-4-n-propylbenzene,1074-55-1,CCCc1ccc(C)cc1,,656.5888889,0.4094,2.806235165,49.76367694,71.46349295,294.0022249,9.3895946,prediction,204.72875220080917
n-butylbenzene,104-51-8,CCCCc1ccccc1,,660.55,0.3917,2.88676593,49.35215561,71.73512408,245.1,9.9,experiment,168.62329988474175
"1,3-dimethyl-5-ethylbenzene",934-74-7,CCc1cc(C)cc(C)c1,,665.3611111,0.414,3.023420019,50.85712877,70.77225698,346.6225335,10.38130202,prediction,249.0838581815303
"1,4-diethylbenzene",105-05-5,CCc1ccc(CC)cc1,,657.9611111,0.4035,2.802649891,49.6332005,70.86309232,270.7,11.0,experiment,189.6009182703699
"1,2-diethylbenzene",135-01-3,CCc1ccccc1CC,,668.0,0.3395,2.880009068,47.66300825,71.90328662,376.3,14.7,experiment,249.44047549957455
1-methyl-2-n-propylbenzene,1074-17-5,CCCc1ccccc1C,,662.4,0.4051,2.939097138,50.1500111,68.61888219,294.0022249,9.3895946,prediction,214.87110211638523
"1,4,dimethyl-2-ethylbenzene",1758-88-9,CCc1cc(C)ccc1C,,670.6833333,0.4013,2.884835398,50.80021043,65.56984744,346.6225335,10.38130202,prediction,268.5456551914729
"1,3-dimethyl-4-ethylbenzene",874-41-9,CCc1ccc(C)cc1C,,664.4111111,0.4147,2.884835398,50.79364624,62.90849755,346.6225335,10.38130202,prediction,279.8703359815267
"1,3-dimethyl-2-ethylbenzene",,CCc1c(C)cccc1C,,670.6722222,0.4084,3.023420019,51.1306554,59.5027691,346.6225335,10.38130202,prediction,297.8523114525683
"1,2-dimethyl-3-ethylbenzene",933-98-2,CCc1cccc(C)c1C,,680.0,0.3621,2.880009068,49.86109363,54.81540104,346.6225335,10.38130202,prediction,315.29421055406567
"1,2,4,5-tetramethylbenzene",,Cc1cc(C)c(C)cc1C,,675.15,0.435,2.938,52.83243871,49.23968125,393.0,15.3,experiment,421.6751182366762
"1,2,3,5-tetramethylbenzene",527-53-7,Cc1cc(C)c(C)c(C)c1,,679.0,0.424,2.97,52.70499085,48.47922425,386.2,14.8,experiment,419.8637206178067
1-ethyl-3-i-propylbenzene,,CCc1cccc(C(C)C)c1,,665.63,0.412,2.63,50.79179246,56.20208041,314.3702122,14.35091805,prediction,284.107393484094
1-methyl-1-n-butylbenzene,95-93-2,Cc1cc(C)c(C)cc1C,as 1-methyl-2-butylbenzene,683.67,0.442,2.608,54.04158136,49.80020695,393.0,15.3,experiment,426.47094811882096
c11 - aromatic - 1,,CCCCCc1ccccc1,as n-pentylbenzene,679.9277778,0.4434,2.606218256,53.72213164,38.91476298,255.0,10.5,experiment,352.02947465568764
1-methyl-4-(1-methylpropyl)be,1595-16-0,CCC(C)c1ccc(C)cc1,,672.78,0.412,2.63,51.51056239,50.00373577,295.720969,13.52589958,prediction,304.63230774938876
1-ethyl-2-n-propylbenzene,,CCCc1ccccc1CC,,676.56,0.442,2.608,53.3078971,41.68814535,319.0933171,11.78506882,prediction,408.0343121636249
"2,4-diethyl-1-methylbenzene",1758-85-6,CCc1ccc(C)c(CC)c1,,678.57,0.441,2.569,53.46794853,40.05427956,371.7136257,12.82495982,prediction,496.19579293781925
"benzene, 1-methyl-4-(2-methylpropyl)-",,Cc1ccc(CC(C)C)cc1,,671.35,0.412,2.63,51.36687925,50.59160895,306.1510575,9.450636339,prediction,310.8425434424201
1-methyl-2-n-butylbenzene,577-55-9,CC(C)c1ccccc1C(C)C,,683.67,0.442,2.608,54.04158136,43.42584485,316.0889563,22.89710879,prediction,393.35900332826657
c11 - aromatic - 9,,CCCCCc1ccccc1,as n-pentylbenzene,679.9277778,0.4434,2.606218256,53.72213164,38.91476298,255.0,10.5,experiment,352.02947465568764
c11 - aromatic - 10,,CCCCCc1ccccc1,as n-pentylbenzene,679.9277778,0.4434,2.606218256,53.72213164,38.91476298,255.0,10.5,experiment,352.02947465568764
c11 - aromatic - 11,,CCCCCc1ccccc1,as n-pentylbenzene,679.9277778,0.4434,2.606218256,53.72213164,38.91476298,255.0,10.5,experiment,352.02947465568764
"1,3-di-i-propylbenzene",99-62-7,CC(C)c1cccc(C(C)C)c1,,684.0,0.359,2.45,50.09472926,43.95067487,353.3,14.0,experiment,402.68933070783584
"1,4-di-i-propylbenzene",100-18-5,CC(C)c1ccc(C(C)C)cc1,,689.0,0.39,2.45,52.07234911,27.58270049,316.0889563,22.89710879,prediction,596.7325240049087
5-methylindan,874-35-1,Cc1ccc2c(c1)CCC2,,702.04,0.381,2.98,52.90353376,45.25070874,453.1746399,17.8131979,prediction,529.815786949937
indan,,c1ccc2c(c1)CCC2,,684.9,0.309,3.95,47.77806285,81.37534377,439.5,16.6,experiment,258.0444843578816
indene,,C1=Cc2ccccc2C1,,687.0,0.3352,3.820040277,49.23215245,69.95957483,467.7,17.8,experiment,329.1311840704765
4-methylindan,824-22-6,Cc1cccc2c1CCC2,,702.04,0.381,3.032,52.90353376,42.18531899,453.1746399,17.8131979,prediction,568.3147700461537
"1,1-dimethyl indane",,CC1CCCc2ccccc21,"as 1-methyl-[1,2,3,4-tetrahydronaphthalene]",722.13,0.252,3.076,48.19890158,41.40735433,497.1692882,25.26087341,prediction,578.7139501735574
"1h-indene,2,3-dihydro-2,2-dime",20836-11-7,CC1(C)Cc2ccccc2C1,as 1-methyltetrahydronaphthalene,722.13,0.379,3.076,54.74803925,25.83607195,420.7527002,20.42083,prediction,891.5978167916923
dimethyl indane - 2,,CC1CCCc2ccccc21,"as 1-methyl-[1,2,3,4-tetrahydronaphthalene]",722.13,0.252,3.076,48.19890158,41.40735433,497.1692882,25.26087341,prediction,578.7139501735574
cyclopentane,287-92-3,C1CCCC1,,511.7611111,0.1943,4.50227651,28.18762336,1651.522458,39.4,2.1,experiment,0.6724657936101769
methylcyclopentane,96-37-7,CC1CCCC1,,532.7888889,0.2302,3.784532276,31.62686,992.9937489,50.3,2.0,experiment,1.6020554608347344
cyclohexane,110-82-7,C1CCCCC1,,553.5388889,0.2149,4.074801558,33.0008585,802.9347287,42.7,2.0,experiment,1.7549828243591825
"1t,3-dimethylcyclopentane",1759-58-6,C[C@H]1CC[C@H](C)C1,,553.15,0.2678,3.447378645,34.2271957,640.1324692,63.42994092,9.052175512,prediction,3.391530824583079
"1c,3-dimethylcyclopentane",2532-58-3,C[C@H]1CC[C@@H](C)C1,,550.9277778,0.2737,3.447378645,34.23558454,657.4514731,63.42994092,9.052175512,prediction,3.302998310270065
"1t,2-dimethylcyclopentane",822-50-4,C[C@H]1CCC[C@@H]1C,,553.15,0.2698,3.445034428,34.2979484,638.1257888,63.42994092,9.052175512,prediction,3.4092288368101893
methylcyclohexane,108-87-2,CC1CCCCC1,,572.1888889,0.235,3.4713724,34.70425809,505.7616023,53.6,2.0,experiment,3.6779150990601015
"1c,2t,4-trimethylcyclopentane",4850-28-6,C[C@H]1C[C@H](C)[C@H](C)C1,,582.21,0.265,2.854,36.7080371,341.2112998,76.43752438,10.1547156,prediction,8.223266587061588
"1t,2c,3-trimethylcyclopentane",15890-40-1,CC1[C@H](C)CC[C@H]1C,,572.46,0.265,2.854,35.84537812,396.2375577,76.43752438,10.1547156,prediction,6.914871926482749
"1c,2c,4-trimethylcyclopentane",,CC1C[C@H](C)[C@@H](C)C1,,591.57,0.265,2.854,37.53368835,295.3917196,76.43752438,10.1547156,prediction,9.712466626381516
"1,3-dimethyl-t-cyclohexane",,C[C@H]1CCC[C@H](C)C1,,598.15,0.2379,2.938407662,37.03542268,288.5275769,70.91289572,9.039294685,prediction,9.10238492510961
"1t,4-dimethylcyclohexane",,C[C@H]1CC[C@H](C)CC1,,590.15,0.237,2.938407662,36.31713853,326.0662411,70.91289572,9.039294685,prediction,7.898252357369492
3c-ethylmethylcyclopentane,,CCC1CCC(C)C1,,586.99,0.29,2.957,38.0968279,315.0825346,69.8717898,9.036886815,prediction,8.448242154884506
3t-ethylmethylcyclopentane,,CCC1CCC(C)C1,,586.99,0.29,2.957,38.0968279,315.0825346,69.8717898,9.036886815,prediction,8.448242154884506
c8 - mononaph - 3,,CCC1CCCCC1,as ethylcyclohexane,609.15,0.2455,3.039760594,38.28253609,248.873709,60.7,2.0,experiment,9.337064770722728
"cyclopentane, 1-ethyl-2-methyl",930-89-2,CCC1CCCC1C,cis,597.34,0.29,2.957,39.951622,267.5969239,69.8717898,9.036886815,prediction,10.431701881581517
"1c,2-dimethylcyclohexane",,C[C@H]1CCCC[C@H]1C,,606.15,0.2324,2.938407662,37.49420592,258.3004957,65.2,2.0,experiment,9.464256812047612
ethylcyclohexane,1678-91-7,CCC1CCCCC1,,609.15,0.2455,3.039760594,38.28253609,248.873709,60.7,2.0,experiment,9.337064770722728
"cyclopentane, 1,1,3,4-tetramet",53907-60-1,CC1CC(C)(C)CC1C,"as 1,1,cis-3,cis-4-tetramethylcyclopentane",602.33,0.334,2.704,41.25087301,208.237092,90.07015868,13.70806165,prediction,17.84251135095197
"1,1,4-trimethylcyclohexane",7094-27-1,CC1CCC(C)(C)CC1,,609.63,0.267,2.875,39.20221131,223.966278,84.54553003,13.02314717,prediction,14.798530221375607
"1,1,3-trimethylcyclohexane",3073-66-3,CC1CCCC(C)(C)C1,,612.06,0.267,2.875,39.41560077,215.620991,84.54553003,13.02314717,prediction,15.454955675213114
c9 - mononaph - 3,,CCCC1CCCCC1,as n-propylcyclohexane,602.71,0.315,3.192,40.52309147,253.1435444,69.2,2.1,experiment,11.077501250804167
"1c,2t,4t-trimethylcyclohexane",7667-60-9,C[C@H]1CC[C@H](C)[C@@H](C)C1,,621.87,0.28,2.649,40.82223564,178.7527322,83.92047918,10.04957342,prediction,19.16514245093969
c9 - mononaph - 4,,CCCC1CCCCC1,as n-propylcyclohexane,602.71,0.315,3.192,40.52309147,253.1435444,69.2,2.1,experiment,11.077501250804167
"cyclohexane, 1,2,4-trimethyl-,",,CC1CCC(C)C(C)C1,,621.31,0.29,2.74,41.19232502,169.2371003,82.8,2.4,experiment,20.153527244380466
"trans-1,3-diethylcyclopentane",,CCC1CCC(CC)C1,,617.12,0.334,2.671,42.64545263,161.0303155,76.31363867,9.032302139,prediction,20.210043387292632
"cyclohexane, 1-ethyl-4-methyl-, trans-",6236-88-0,CCC1CCC(C)CC1,,620.1,0.305,2.741,41.71166464,166.8305385,77.3547446,9.024273062,prediction,19.340554757413624
"1,1,2-trimethylcyclohexane",7094-26-0,CC1CCCCC1(C)C,,624.87,0.267,2.875,41.051984,177.9108774,84.54553003,13.02314717,prediction,19.508429146013974
1-ethyl-4-t-methylcyclohexane,,CCC1CCC(C)CC1,,620.1,0.305,2.741,41.71166464,167.2176455,77.3547446,9.024273062,prediction,19.295781587045795
1-methyl-2-propyl-cyclopentan,696-29-7,CC(C)C1CCCCC1,cis,620.88,0.334,2.671,44.295381,154.8635965,74.7,2.2,experiment,21.366318718421343
c10-mononaph-1,,CCCCC1CCCCC1,as n-butylcyclohexane,667.0,0.2743,2.57002078,49.8656945,78.94131715,76.8,2.2,experiment,48.51306610862648
c9 mononaph - 8,,CCCC1CCCCC1,as n-propylcyclohexane,602.71,0.315,3.192,40.52309147,253.1435444,69.2,2.1,experiment,11.077501250804167
propylcyclohexane,1678-92-8,CCCC1CCCCC1,,639.15,0.2595,2.806717798,41.45842581,141.8240109,69.2,2.1,experiment,20.228754269789167
"1,2,3,5-t-tetramethylcyclohex",,CC1CCC(C)C(C)C1C,"as 1,2,3,4-tetramethylcyclohexane",642.0,0.402,2.57,47.96996348,86.51632141,96.92806263,11.51225999,prediction,53.742872428818075
c10 - mononaph - 1,,CCCCC1CCCCC1,as n-butylcyclohexane,667.0,0.2743,2.57002078,49.8656945,78.94131715,76.8,2.2,experiment,48.51306610862648
c10 - mononaph -  2,,CCCCC1CCCCC1,as n-butylcyclohexane,667.0,0.2743,2.57002078,49.8656945,78.94131715,76.8,2.2,experiment,48.51306610862648
c10 mononaphth - 3,,CCCCC1CCCCC1,as n-butylcyclohexane,667.0,0.2743,2.57002078,49.8656945,78.94131715,76.8,2.2,experiment,48.51306610862648
n-butylcyclohexane,,CCCCC1CCCCC1,,667.0,0.2743,2.57002078,49.8656945,78.94131715,76.8,2.2,experiment,48.51306610862648
c11 - mononaph - 4,,CCCCCC1CCCCC1,as n-pentylcyclohexane,669.7111111,0.4498,2.352491187,54.47794875,41.8608795,83.67270777,8.69211113,prediction,108.89206199472676
tetralin,,c1ccc2c(c1)CCCC2,,720.0,0.335,3.65,52.28203862,37.48837895,336.0,13.4,experiment,468.5922802837011
octene-1,111-66-0,C=CCCCCCC,,567.05,0.3747,2.560023382,39.39538636,330.9651118,56.0,2.0,experiment,6.665783061427807
c9-isoolefin,,C=C(C)CCCCCC,as 2-methyl-1-octene,594.0,0.405,2.415,43.25701543,188.2615875,67.62548479,8.830243378,prediction,15.538361690603828
nonene-1,124-11-8,C=CCCCCCCC,,593.25,0.4171,2.330014279,43.65612423,186.155987,64.4,2.0,experiment,15.102680530022385
decene-1,872-05-9,C=CCCCCCCCC,,616.85,0.4645,2.12999737,48.04297754,109.7120752,74.8,2.2,experiment,32.75496077748058
c8 - isoolefin - 5,,C=C(C)CCCCC,as 2-methyl-1-heptene,567.0,0.355,2.6,38.66681593,345.840492,56.6,2.0,experiment,6.328182593604453
"3-heptene, 4-methyl-",4485-16-9,CC/C=C(/C)CCC,,564.74,0.328,2.694,37.4604445,385.9280783,67.01054567,8.762978431,prediction,6.504436883792683
"3-heptene, 4-ethyl-",,CC/C=C(\CC)CCC,"as 2,3-dimethyl-3-heptene",593.62,0.4111,2.372,43.45824632,184.1546176,73.45239454,8.78367219,prediction,17.33387028962093
c9-isoolefin-3,,C=C(C)CCCCCC,as 2-methyl-1-octene,594.0,0.405,2.415,43.25701543,188.2615875,67.62548479,8.830243378,prediction,15.538361690603828
"3,3-dimethylheptene-1",,C=CC(C)(C)CCCC,,593.62,0.4111,2.372,43.45824632,184.1546176,71.32184944,8.773153,prediction,16.831087601039194
"2,3-dimethyl-3-heptene",2213-23-2,CCCC(C)CC(C)C,,593.62,0.4111,2.372,42.1030825,184.1546176,62.12872167,8.589019664,prediction,14.20442630319115
"2,3-dimethyl-3-heptene(1)",,CCCC=C(C)C(C)C,,593.62,0.4111,2.372,43.45824632,184.1546176,79.15937823,8.831394718,prediction,18.680648916062726
t-7-methyloctene-3,,CCC=CCCC(C)C,,593.62,0.411,2.372,43.45431474,184.1868715,71.49434558,8.823517286,prediction,16.867313992917502
c10-isoolefin-3,,C=C(C)CCCCCCC,as 2-methyl-1-nonene,616.91,0.449,2.202,47.4051843,104.9610905,74.06733367,8.864152122,prediction,33.45216390673785
c10-isoolefin-4,,C=C(C)CCCCCCC,as 2-methyl-1-nonene,616.91,0.449,2.202,47.4051843,104.9610905,74.06733367,8.864152122,prediction,33.45216390673785
c10 iso-olefin - 5,,C=C(C)CCCCCCC,as 2-methyl-1-nonene,616.91,0.449,2.202,47.4051843,104.9610905,74.06733367,8.864152122,prediction,33.45216390673785
c10 iso-olefin - 6,,C=C(C)CCCCCCC,as 2-methyl-1-nonene,616.91,0.449,2.202,47.4051843,104.9610905,74.06733367,8.864152122,prediction,33.45216390673785
c10-isoolefin-7,,C=C(C)CCCCCCC,as 2-methyl-1-nonene,616.91,0.449,2.202,47.4051843,104.9610905,74.06733367,8.864152122,prediction,33.45216390673785
c10 - isoolefin - 8,,C=C(C)CCCCCCC,as 2-methyl-1-nonene,616.91,0.449,2.202,47.4051843,104.9610905,74.06733367,8.864152122,prediction,33.45216390673785
c10-isoolefin - 9,,C=C(C)CCCCCCC,as 2-methyl-1-nonene,616.91,0.449,2.202,47.4051843,104.9610905,74.06733367,8.864152122,prediction,33.45216390673785
c10-isoolefin-9,,C=C(C)CCCCCCC,as 2-methyl-1-nonene,616.91,0.449,2.202,47.4051843,104.9610905,74.06733367,8.864152122,prediction,33.45216390673785
"3-nonene, 3-methyl-, (e)-",69405-42-1,CCCCC/C=C(\C)CC,as 2-methyl-1-nonene,616.91,0.449,2.202,47.4051843,104.9610905,79.89424342,8.815311684,prediction,36.08386036951629
c12-isoolefin-1,,C=CCCCCCCCCCC,as 1-dodecene,666.0,0.4909,1.889990868,54.4783719,32.1584465,90.3,2.6,experiment,152.97371353339472
c9-naphto olefin-1,,CC1=C(C)C(C)CCC1,"as 1,2,3-trimethylcyclohexene",620.0,0.4,2.86,45.67901844,142.9229661,139.3648413,16.25986312,prediction,44.54182087976114
c9 naph-olefin -1,,CC1=C(C)C(C)CCC1,"as 1,2,3-trimethylcyclohexene",620.0,0.4,2.86,45.67901844,142.9229661,139.3648413,16.25986312,prediction,44.54182087976114
c9 - napholefin - 2,,CC1=C(C)C(C)CCC1,"as 1,2,3-trimethylcyclohexene",620.0,0.4,2.86,45.67901844,142.9229661,139.3648413,16.25986312,prediction,44.54182087976114
c9-naphtheno-olefin-5,,CC1=C(C)C(C)CCC1,"as 1,2,3-trimethylcyclohexene",620.0,0.4,2.86,45.67901844,142.9229661,139.3648413,16.25986312,prediction,44.54182087976114
c9-naphthenoolefin-6,,CC1=C(C)C(C)CCC1,"as 1,2,3-trimethylcyclohexene",620.0,0.4,2.86,45.67901844,142.9229661,139.3648413,16.25986312,prediction,44.54182087976114
"hexamethyl-1,3-cyclohexadiene",,Cc1c(C)c(C)c(C)c(C)c1C,as hexamethylbenzene,758.0,0.496,2.77,64.63516403,7.170659431,565.4,21.5,experiment,5096.424128661424
propane,74-98-6,CCC,,369.85,0.1517,4.247170491,14.7771823,14944.78289,12.06366104,8.531692833,prediction,0.01192837123868633
n-tridecane,629-50-5,CCCCCCCCCCCCC,,676.1,0.6186,1.649984367,65.7743365,16.65222468,72.51296673,3.625648337,experiment,286.4177229148655
n-tetradecane,629-59-4,CCCCCCCCCCCCCC,,696.85,0.5701,1.437556895,69.983042,9.659019158,78.43050339,3.92152517,experiment,568.2569961855244
"2,2-dimethylpropane",463-82-1,CC(C)(C)C,,433.7777778,0.1964,3.199167383,21.48325931,3689.49921,36.30875609,8.663054219,prediction,0.21141905117930945
3-ethylpentane,617-78-7,CCC(CC)CC,,540.6388889,0.3094,2.890833837,35.127379,620.5893598,43.53804023,8.433171546,prediction,2.46439487871551
2-methyl-3-ethylpentane,609-26-7,CCC(CC)C(C)C,,567.0,0.3308,2.699986955,38.633795,371.5424012,55.68687279,8.586129239,prediction,5.790443353467616
3-methyl-3-ethylpentane,1067-08-9,CCC(C)(CC)CC,,576.5,0.305,2.81,38.198935,345.0242191,55.63430271,8.621395814,prediction,6.1594838719819425
3-methylheptane,589-81-1,CCCCC(C)CC,,563.6722222,0.3716,2.546302815,39.996677,349.6954238,48.7,2.0,experiment,5.570099112918389
"3,4-dimethylheptane",922-28-1,CCCC(C)C(C)CC,,591.9,0.379,2.462,43.87792075,208.1892679,62.12872167,8.589019664,prediction,13.094234651156421
"2,2,4-trimethylheptane",14720-74-2,CCCC(C)CC(C)(C)C,,594.5,0.389,2.168,42.67737845,172.7347321,74.22498415,8.628728573,prediction,18.338684412240458
"2,2,6-trimethyloctane",,CCC(C)CCCC(C)(C)C,,622.21,0.419,1.981,46.70014531,91.40860433,80.66683303,8.649608358,prediction,41.21223436032861
2-methylnonane,871-83-0,CCCCCCCC(C)C,,609.3,0.4636,2.050018185,50.0342065,109.0493347,62.86358686,8.472872467,prediction,28.84318088631059
c11-isoparaffin-1,,CCCCCCCCC(C)C,as 2-methyldecane,631.76,0.507,1.948,54.5473105,61.91810199,69.30543573,8.508861848,prediction,61.055248798043856
4-methyldecane,,CCCCCCC(C)CCC,,629.99,0.507,1.948,51.2620272,64.06883995,69.30543573,8.508861848,prediction,55.45187230284965
"2,5,6-trimethyloctane",,CCC(C)C(C)CCC(C)C,,623.9,0.449,1.975,48.13972095,82.83552423,80.7194031,8.93311748,prediction,46.909940832815614
c12-isoparaffin-6,,CCCCCCCCCC(C)C,as 2-methylundecane,650.75,0.539,1.979,58.69938175,40.04603525,75.74728461,8.556027633,prediction,111.0301868359937
c13 - isoparaffin - 1,,CCCCCCCCCCC(C)C,as 2-methyldodecane,668.02,0.586,1.655,65.35561825,20.67380869,82.18913348,8.614186239,prediction,259.822547096288
c13 - isoparaffin - 2,,CCCCCCCCCCC(C)C,as 2-methyldodecane,668.02,0.586,1.655,65.35561825,20.67380869,82.18913348,8.614186239,prediction,259.822547096288
c13 - isoparaffin - 7,,CCCCCCCCCCC(C)C,as 2-methyldodecane,668.02,0.586,1.655,65.35561825,20.67380869,82.18913348,8.614186239,prediction,259.822547096288
c14 - isoparaffin - 5,,CCCCCCCCCCCC(C)C,as 2-methyltridecane,684.08,0.622,1.533,70.416931,12.18548635,88.63098236,8.683116782,prediction,512.1766657517398
benzene,,c1ccccc1,,562.1611111,0.2108,4.898035579,32.96582231,855.8202922,100.3,5.8,experiment,3.8635120104400347
1-methyl-4-t-butylbenzene,,Cc1ccc(C(C)(C)C)cc1,,676.56,0.351,2.66,49.0075539,55.70067729,410.8,15.9,experiment,361.43731318208535
"1-ethyl-2,4,5-trimethylbenzen",,CCc1cc(C)c(C)cc1C,,689.07,0.441,2.53,54.54981291,31.96979909,405.684691,12.04237835,prediction,692.2165488810759
c11 - aromatic - 13,,CCCCCc1ccccc1,as n-pentylbenzene,679.9277778,0.4434,2.606218256,53.72213164,38.91476298,255.0,10.5,experiment,352.02947465568764
c11 - aromatic - 14,,CCCCCc1ccccc1,as n-pentylbenzene,679.9277778,0.4434,2.606218256,53.72213164,38.91476298,255.0,10.5,experiment,352.02947465568764
pentamethylbenzene,700-12-9,Cc1cc(C)c(C)c(C)c1C,,714.84,0.44,2.493,57.14697303,19.64312997,481.8,18.4,experiment,1401.6814859904935
"1,2-di-i-propylbenzene",,CC(C)c1ccccc1C(C)C,,697.15,0.437,2.361,55.18430907,25.89452447,316.0889563,22.89710879,prediction,673.6231313412075
c12-aromatic-1,,CCCCCCc1ccccc1,as n-hexylbenzene,698.0,0.4784,2.380001269,57.31193201,22.39063388,246.7,9.9,experiment,631.4628564176675
"1,3-di-n-propylbenzene",,CCCc1ccc(CCC)cc1,"as 1,4-dipropylbenzene",697.15,0.437,2.361,55.18430907,25.89452447,325.535166,11.76913319,prediction,693.7541268429308
"1,3,5-triethylbenzene",102-25-0,CCc1cc(CC)cc(CC)c1,,678.0,0.508,2.3,56.58451246,29.66499846,396.8047178,16.76256182,prediction,756.8853080783501
"1,3,5-trimethyl-2-propylbenze",,Cc1cc(C)c(C(C)C)cc1C,"as 1,2,4-trimethyl-5-isopropylbenzene",697.15,0.437,2.361,55.18430907,25.89452447,407.403435,15.33729473,prediction,868.2251376836987
c12 - aromatic - 2,,CCCCCCc1ccccc1,as n-hexylbenzene,698.0,0.4784,2.380001269,57.31193201,22.39063388,246.7,9.9,experiment,631.4628564176675
1-methyl-4-n-pentylbenzene,,CCCCCc1ccc(C)cc1,as n-heptylbenzene,713.5388889,0.5362,2.199427576,61.89648049,12.34887014,306.8859227,9.387548198,prediction,1538.210242046986
c12 - aromatic - 5,,CCCCCCc1ccccc1,as n-hexylbenzene,698.0,0.4784,2.380001269,57.31193201,22.39063388,246.7,9.9,experiment,631.4628564176675
c12 - aromatic -8,,CCCCCCc1ccccc1,as n-hexylbenzene,698.0,0.4784,2.380001269,57.31193201,22.39063388,246.7,9.9,experiment,631.4628564176675
n-hexylbenzene,1077-16-3,CCCCCCc1ccccc1,,698.0,0.4784,2.380001269,57.31193201,22.94138368,246.7,9.9,experiment,616.3034376689784
c12-aromatic-9,,CCCCCCc1ccccc1,as n-hexylbenzene,698.0,0.4784,2.380001269,57.31193201,22.39063388,246.7,9.9,experiment,631.4628564176675
c12 - aromatic - 11,,CCCCCCc1ccccc1,as n-hexylbenzene,698.0,0.4784,2.380001269,57.31193201,22.39063388,246.7,9.9,experiment,631.4628564176675
"1,2,4-triethylbenzene",877-44-1,CCc1ccc(CC)c(CC)c1,,683.0,0.505,2.38,56.98814024,28.62363892,396.8047178,16.76256182,prediction,790.017054403229
c12 - aromatic - 11(1),,CCCCCCc1ccccc1,as n-hexylbenzene,698.0,0.4784,2.380001269,57.31193201,22.39063388,246.7,9.9,experiment,631.4628564176675
c13 - aromatic - 1,,CCCCCCCc1ccccc1,as n-heptylbenzene,713.5388889,0.5362,2.199427576,61.89648049,12.34887014,257.1,10.5,experiment,1288.6672994019355
biphenyl,,c1ccc(-c2ccccc2)cc1,,773.0,0.403,3.38,61.00156628,9.796216434,612.5,22.9,experiment,3814.070421803014
1-methylnaphthalene,90-12-0,Cc1cccc2ccccc12,,772.0388889,0.2921,3.650015562,54.66769087,14.87883235,649.1,24.7,experiment,2384.918205205599
"naphthalene, 5-ethyl-1,2,3,4-tetrahydro-",,CCc1cccc2c1CCCC2,5-Ethyltetralin,737.62,0.424,2.773,58.62963568,14.60721902,485.7486868,18.44165699,prediction,1949.6708100377632
dimethylnaphthalene-3,,Cc1ccc2c(C)cccc2c1,"as 1,6-dimethylnaphthalene",770.6,0.443,3.006,63.01057572,7.605248005,685.1175841,12.14545021,prediction,5676.2979171297275
dimethylnaphthalene-4,,Cc1ccc2c(C)cccc2c1,"as 1,6-dimethylnaphthalene",770.6,0.443,3.006,63.01057572,7.605248005,685.1175841,12.14545021,prediction,5676.2979171297275
dimethyl indene-1,119-64-2,c1ccc2c(c1)CCCC2,"as 1-methyl-[1,2,3,4-tetrahydronaphthalene]",722.13,0.252,3.076,48.19890158,32.78559367,336.0,13.4,experiment,493.96180206121613
"4,7-dimethyl indane",,CC1CCCc2ccccc21,"as 1-methyl-[1,2,3,4-tetrahydronaphthalene]",722.13,0.252,3.076,48.19890158,41.40735433,497.1692882,25.26087341,prediction,578.7139501735574
c2 indane - 1,,CC1CCCc2ccccc21,"as 1-methyl-[1,2,3,4-tetrahydronaphthalene]",722.13,0.252,3.076,48.19890158,41.40735433,497.1692882,25.26087341,prediction,578.7139501735574
"1,1,3-trimethyl indane",,Cc1ccc2c(c1)CCC(C)C2,as tetrahydrodimethylnaphthalene,737.62,0.424,2.773,58.62963568,14.60721902,473.6651781,17.93118866,prediction,1901.1707011637122
c3-indane-1,,Cc1ccc2c(c1)CCC(C)C2,as tetrahydrodimethylnaphthalene,737.62,0.424,2.773,58.62963568,14.60721902,473.6651781,17.93118866,prediction,1901.1707011637122
dimethyl indane - 3,,CC1CCCc2ccccc21,"as 1-methyl-[1,2,3,4-tetrahydronaphthalene]",722.13,0.252,3.076,48.19890158,41.40735433,497.1692882,25.26087341,prediction,578.7139501735574
trimethyl indane - 3,,Cc1ccc2c(c1)CCC(C)C2,as tetrahydrodimethylnaphthalene,737.62,0.424,2.773,58.62963568,14.60721902,473.6651781,17.93118866,prediction,1901.1707011637122
trimethyl indane - 4,,Cc1ccc2c(c1)CCC(C)C2,as tetrahydrodimethylnaphthalene,737.62,0.424,2.773,58.62963568,14.60721902,473.6651781,17.93118866,prediction,1901.1707011637122
trimethyl indane - 6,,Cc1ccc2c(c1)CCC(C)C2,as tetrahydrodimethylnaphthalene,737.62,0.424,2.773,58.62963568,14.60721902,473.6651781,17.93118866,prediction,1901.1707011637122
trimethyl indane - 8,,Cc1ccc2c(c1)CCC(C)C2,as tetrahydrodimethylnaphthalene,737.62,0.424,2.773,58.62963568,14.60721902,473.6651781,17.93118866,prediction,1901.1707011637122
6-methyl tetralin,,Cc1ccc2c(c1)CCCC2,,721.7,0.379,3.076,54.70648757,26.04212229,460.6575947,17.82797806,prediction,967.6998939582835
c3 indane - 4,,Cc1ccc2c(c1)CCC(C)C2,as tetrahydrodimethylnaphthalene,737.62,0.424,2.773,58.62963568,14.60721902,473.6651781,17.93118866,prediction,1901.1707011637122
c3-indene,,CC1=C(C)C(C)c2ccccc21,"as 1,2,3-trimethylindene",726.0,0.441,2.77,58.34174325,17.13384796,611.1078026,30.53529041,outlier,2080.8574116331124
c3 indane - 5,,Cc1ccc2c(c1)CCC(C)C2,as tetrahydrodimethylnaphthalene,737.62,0.424,2.773,58.62963568,14.60721902,473.6651781,17.93118866,prediction,1901.1707011637122
c3 indane - 6,,Cc1ccc2c(c1)CCC(C)C2,as tetrahydrodimethylnaphthalene,737.62,0.424,2.773,58.62963568,14.60721902,473.6651781,17.93118866,prediction,1901.1707011637122
"cyclopentene, 1,5-dimethyl-",16491-15-9,CC1=CCCC1C,,573.63,0.245,3.432,35.20151053,482.1642282,100.2077254,10.68716307,prediction,7.315895901328186
ethylcyclopentane,1640-89-7,CCC1CCCC1,,569.5222222,0.2715,3.397736393,36.358815,488.8185318,58.6,2.0,experiment,4.358727053891127
"1,1,3-trimethylcyclopentane",4516-69-2,CC1CCC(C)(C)C1,,571.3,0.252,3.107,35.25960866,447.4853935,77.06257523,13.06501719,prediction,6.072145112244002
"1-c,2-t,4-trimethyl cyclopent",,CC1CC(C)C(C)C1,,582.21,0.265,2.854,36.7080371,341.2112998,76.43752438,10.1547156,prediction,8.223266587061588
"1c,2t,3-trimethylcyclopentane",,CC1[C@H](C)CC[C@H]1C,,583.36,0.265,2.854,36.80960747,335.2314316,76.43752438,10.1547156,prediction,8.393112945815894
"1t,2-dimethylcyclohexane",6876-23-9,C[C@H]1CCCC[C@@H]1C,,596.15,0.238,2.938,36.86872527,297.2906549,70.91289572,9.039294685,prediction,8.794316361139137
c9-naphthene-1,,CCCC1CCCCC1,as n-propylcyclohexane,639.15,0.2595,2.806717798,41.45842581,139.8678711,69.2,2.1,experiment,20.511666070907975
c9 - mononaph - 2,,CCCC1CCCCC1,as n-propylcyclohexane,639.15,0.2595,2.806717798,41.45842581,139.8678711,69.2,2.1,experiment,20.511666070907975
i-butylcyclopentane,3788-32-7,CC(C)CC1CCCC1,,617.21,0.33,2.788,43.14984075,176.8786217,75.45488778,8.612543139,prediction,18.407348272072845
c9 mononaph - 6,,CCCC1CCCCC1,as n-propylcyclohexane,602.71,0.315,3.192,40.52309147,253.1435444,69.2,2.1,experiment,11.077501250804167
c13-naphthene-1,,CCCCCCCC1CCCCC1,as n-heptylcyclohexane,706.5722222,0.528,2.008580694,64.290542,13.42541451,96.55640552,8.783680657,prediction,462.38152571220627
butene-1,106-98-9,C=CCC,,419.5888889,0.1867,4.0196435,19.97576463,5801.921844,27.75120778,8.621579035,prediction,0.09554620170983207
t-butene-2,624-64-6,C/C=C/C,,428.6277778,0.2182,4.102380588,21.5103725,5149.20794,33.57811752,8.798887954,prediction,0.14026969276054835
c-butene-2,590-18-1,C/C=C\C,,435.5777778,0.203,4.205801947,21.80048186,4718.589907,33.57811752,8.798887954,prediction,0.15513514764268077
pentene-1,109-67-1,C=CCCC,,464.7777778,0.233,3.526047826,25.20311597,2523.17677,34.19305665,8.598019197,prediction,0.341542290007184
t-pentene-2,646-04-8,C/C=C/CC,,475.3722222,0.2406,3.654221364,26.37225014,2224.383401,40.0199664,8.773344088,prediction,0.47447601165371006
c-pentene-2,627-20-3,C/C=C\CC,,475.9277778,0.2373,3.654221364,26.33148902,2208.471725,39.8,2.1,experiment,0.47453324900322186
hexene-1,592-41-6,C=CCCCC,,503.75,0.28,3.140079313,30.12504887,1220.978407,42.4,2.0,experiment,1.0461299436297073
t-hexene-3,13269-52-8,CC/C=C/CC,,508.55,0.2879,3.167589394,30.81538916,1138.459132,47.2,2.0,experiment,1.2775920781599037
t-hexene-2,4050-45-7,C/C=C/CCC,,513.0,0.2613,3.160005161,30.39568662,1082.501872,45.8,2.0,experiment,1.2860231314186585
c-hexene-2,7688-21-3,C/C=C\CCC,,513.0,0.2722,3.160005161,30.73798765,1073.601994,44.7,2.0,experiment,1.2797927496723707
heptene-1,592-76-7,C=CCCCCC,,537.45,0.331,2.830022077,34.95511632,624.4139391,48.4,2.0,experiment,2.709464866089502
t-heptene-2,14686-13-6,C/C=C/CCCC,,543.0611111,0.3389,2.850430559,35.76683307,570.2195089,52.90366415,8.755283629,prediction,3.31836511187524
t-octene-2,,CC=CCCCCC,,577.0,0.3384,2.580018178,39.01491928,298.6149434,59.34551302,8.762835105,prediction,7.753665552510622
trans-4-nonene,10405-85-3,CCCC=CCCCC,,593.62,0.411,2.372,43.45431474,184.1868715,65.7873619,8.781416943,prediction,15.520893029104327
c-nonene-2,6434-77-1,C/C=C\CCCCCC,as trans-2-nonene,593.62,0.411,2.371,43.45431474,184.1092211,65.7873619,8.781416943,prediction,15.527439162670403
c10-n-olefin,,C=CCCCCCCCC,as 1-decene,616.85,0.4645,2.12999737,48.04297754,98.42743676,74.8,2.2,experiment,36.51029467275949
3-decene,,CCC=CCCCCCC,as 1-decene,616.85,0.4645,2.12999737,48.04297754,98.42743676,72.22921077,8.810959357,prediction,35.25547819777478
"2-undecene, (e)-",693-61-8,C/C=C/CCCCCCCC,,637.84,0.504,2.023,51.99727934,61.3822919,78.67105965,8.851352599,prediction,66.64269022830105
3-methylbutene-1,563-45-1,C=CC(C)C,,450.3722222,0.2286,3.516326218,23.77257784,3136.302393,39.90004034,8.647641828,prediction,0.3024347451058397
2-methylbutene-1,563-46-2,C=C(C)CC,,465.3722222,0.2287,3.399115344,25.14295977,2413.095282,41.85808929,8.803998361,prediction,0.436135391303433
2-methylbutene-2,513-35-9,CC=C(C)C,,470.0,0.287,3.42,27.05837875,2227.12014,43.5,2.0,experiment,0.5285029103212187
3-methylpentene-1,760-20-3,C=CC(C)C,,495.0,0.264,3.29,28.83541614,1474.998859,39.90004034,8.647641828,prediction,0.7800238353992428
4-methyl-t-pentene-2,674-76-0,C/C=C/C(C)C,,501.0,0.2445,3.21998955,28.79695601,1334.871015,52.16879896,8.83061999,prediction,1.1254290428544915
2-methylpentene-1,763-29-1,C=C(C)CCC,,507.0,0.2406,3.160005161,29.2133766,1201.614356,42.9,2.0,experiment,1.0429751025211618
2-methylpentene-2,625-27-4,CCC=C(C)C,,514.0,0.2445,3.160005161,31.59370525,1080.230206,53.6,2.0,experiment,1.5676497398370288
3-methyl-c-pentene-2,922-62-3,C/C=C(\C)CC,,515.2888889,0.2585,3.29583188,30.51440432,1093.285184,53.7,2.0,experiment,1.4988070230575812
"4,4-dimethyl-t-pentene-2",690-08-4,C/C=C/C(C)(C)C,,521.5722222,0.2705,2.944819786,31.46743965,880.0046435,64.26506144,9.004891243,prediction,2.298007126898464
c7-iso-olefin-1,,C=C(C)CCCC,as 2-methyl-1-hexene,537.8,0.3114,2.868908508,34.3250624,642.4991682,49.1,2.0,experiment,2.623132678228423
3-methylhexene-1,3404-61-3,C=CC(C)CCC,,527.7222222,0.3078,2.951300858,33.25290155,776.3078634,52.78373809,8.614134177,prediction,2.260974709776146
2-methyl-c-hexene-3,,CCC=CC(C)C,,528.9611111,0.3123,2.868908508,35.6416455,737.0917986,58.61064783,8.81727482,prediction,2.8340838094385554
2-methyl-t-hexene-3,692-24-0,CC/C=C/C(C)C,,528.8111111,0.3112,2.868908508,33.46791997,739.5845579,58.61064783,8.81727482,prediction,2.652268019946302
"1-pentene, 2,3-dimethyl-",3404-72-6,C=C(C)C(C)CC,,533.85,0.275,3.057618015,32.73321835,755.3469728,60.44877073,8.829576763,prediction,2.6195680694388543
2-methyl-c-hexene-3(1),15840-60-5,CC/C=C\C(C)C,,528.9611111,0.3123,2.868908508,33.51843198,737.0917986,58.61064783,8.81727482,prediction,2.66525420079961
4-methyl-t/c-hexene-2,3404-55-5,C/C=C/C(C)CC,cis,531.2888889,0.3081,2.951300858,33.59969759,734.1434749,58.61064783,8.81727482,prediction,2.68244574796532
2-ethylpentene-1,,C=C(CC)CCC,,542.65,0.3127,2.951300858,34.82716131,611.7082859,54.74178704,8.79513269,prediction,3.1166833792920303
3-methyl-c-hexene-3,4914-89-0,CC/C=C(/C)CC,,544.7222222,0.3067,2.951300858,34.81528856,596.1406228,60.56869679,8.753308039,prediction,3.537280594203781
2-methylhexene-1,,C=C(C)CCCC,,537.8,0.3114,2.868908508,34.3250624,642.4991682,49.1,2.0,experiment,2.623132678228423
3-methyl-c-hexene-2,10574-36-4,C/C=C(/C)CCC,,547.4722222,0.3096,2.951300858,35.17370873,569.1173101,60.56869679,8.753308039,prediction,3.7433858735957393
2-methyl-2-hexene,2738-19-4,CCCC=C(C)C,,542.8222222,0.3128,2.868908508,34.84684539,592.9601322,60.56869679,8.753308039,prediction,3.559477101241309
3-methyl-t-hexene-3,3899-36-3,CC/C=C(\C)CC,,541.9722222,0.3065,2.951300858,34.55068352,622.4579673,60.56869679,8.753308039,prediction,3.3619778104656124
3-ethylpentene-2,816-79-5,CC=C(CC)CC,,547.5777778,0.3056,3.037209534,35.04429714,587.4376349,59.8,2.0,experiment,3.5674407706764373
3-methyl-t-hexene-2,,C/C=C/C(C)CC,,544.4,0.307,2.951300858,34.79545855,598.9499317,58.61064783,8.81727482,prediction,3.4049329655469305
"2,3-dimethylpentene-2",10574-37-5,CCC(C)=C(C)C,,553.45,0.2784,3.057618015,34.6293543,557.8326398,68.23372944,9.740887384,prediction,4.235840328087057
"2,3-dimethyl-1-hexene",16746-86-4,C=C(C)C(C)CCC,,561.0,0.325,2.76,36.99641877,421.4839292,66.89061961,8.831755314,prediction,5.871429972605309
c8 - isoolefin - 7,,C=C(C)CCCCC,as 2-methyl-1-heptene,567.0,0.355,2.6,38.66681593,345.840492,56.6,2.0,experiment,6.328182593604453
c8 - isoolefin - 8,,C=C(C)CCCCC,as 2-methyl-1-heptene,567.0,0.355,2.6,38.66681593,345.840492,56.6,2.0,experiment,6.328182593604453
5-methyl-3-heptene,50422-80-5,CC/C=C/C(C)CC,,564.74,0.328,2.694,37.4604445,385.9280783,65.05249671,8.814904303,prediction,6.31437715888885
c9 - isoolefin - 1,,C=C(C)CCCCCC,as 2-methyl-1-octene,594.0,0.405,2.415,43.25701543,188.2615875,67.62548479,8.830243378,prediction,15.538361690603828
"3,5-dimethyl-3-heptene",59643-68-4,CC/C(C)=C/C(C)CC,"as 2,3-dimethyl-3-heptene",593.62,0.4111,2.372,43.45824632,184.1546176,79.15937823,8.831394718,prediction,18.680648916062726
c10-isoolefin -15,,C=C(C)CCCCCCC,as 2-methyl-1-nonene,616.91,0.449,2.202,47.4051843,104.9610905,74.06733367,8.864152122,prediction,33.45216390673785
c11 - isoolefin - 1,,C=C(C)CCCCCCCC,as 2-methyl-1-decene,637.68,0.491,2.016,51.41351337,59.35527686,80.50918254,8.908810491,prediction,69.7370166883602
c11 - isoolefin - 3,,C=C(C)CCCCCCCC,as 2-methyl-1-decene,637.68,0.491,2.016,51.41351337,59.35527686,80.50918254,8.908810491,prediction,69.7370166883602
"1,3-cyclopentadiene",1574-41-0,C=C/C=C\C,,507.0,0.2118,5.150038958,28.32625025,1997.655653,34.09574894,11.31838339,prediction,0.48346906809749973
cyclopentene,142-29-0,C1=CCCC1,,507.0,0.1946,4.789994732,27.79643867,1880.186149,70.2,2.1,experiment,1.0378280872198895
3-methylcyclopentene,1120-62-3,CC1C=CCC1,,535.71,0.221,4.016,31.08475697,1019.004489,68.53356433,9.202243052,prediction,2.0906180634950187
1-methylcyclopentene,693-89-0,CC1=CCCC1,,541.99,0.219,3.79,31.87786475,879.4162254,96.5,2.8,experiment,3.4980181847063294
cyclohexene,110-83-8,C1=CCCCC1,,560.4,0.2142,4.350040269,32.94114895,776.3019916,45.6,2.0,experiment,1.9349639809941201
1-ethylcyclopentene,2146-38-5,CCC1=CCCC1,,578.4,0.27,3.569,37.861287,448.9111437,93.64199083,10.70756881,prediction,7.897790776241757
c8-napht-olefin,,CCC1=CCCCC1,as 1-ethylcyclohexene,615.4222222,0.269,3.334235678,42.499898,236.272454,101.1249456,10.77407822,prediction,18.190016654482918
c8 - naph-olefin - 3,,CCC1=CCCCC1,as 1-ethylcyclohexene,615.4222222,0.269,3.334235678,42.499898,236.272454,101.1249456,10.77407822,prediction,18.190016654482918
"cyclohexene, 3-ethyl-",2808-71-1,CCC1C=CCCC1,,609.58,0.285,3.284,39.93322272,247.1075043,82.45836801,9.173673639,prediction,13.325489180099554
"3-methylbutadiene-1,2",598-25-4,C=C=C(C)C,,490.0,0.187,3.83,26.13516945,1925.053481,35.41624042,8.824906594,outlier,0.4808227167682721
c6-diolefin-1,1528-30-9,C=C1CCCC1,"as 1,4-hexadiene",514.53,0.266,3.46,30.68259382,1154.141934,79.85393257,11.22435439,prediction,2.1228981512554403
"1,3-pentadiene, 2,3-dimethyl-",1113-56-0,C=C(C)/C(C)=C/C,"as 2,4-dimethyl-1,3-pentadiene",556.0,0.302,3.45,35.70163617,587.4539317,50.88157207,13.42683152,prediction,3.0922516231084636
ethanol,64-17-5,CCO,,516.25,0.6371,6.383511037,42.61343679,1522.997713,10.3,2.9,experiment,0.28819373475776194
methyl-t-butyl ether,1634-04-4,COC(C)(C)C,,497.1,0.2674,3.430003857,29.12966501,1486.866751,31.5,2.2,experiment,0.6171262133596529
"2,2,3,4-tetramethylpentane",1186-53-4,CC(C)C(C)C(C)(C)C,,592.15,0.3106,2.563539708,40.361612,242.9983296,73.49011896,8.797604883,prediction,12.206584597433231
"3,4-dimethyl-t-2-hexene",,CC=C(C)C(C)CC,,642.11,0.278,3.002,42.52800487,136.4771786,72.71752935,8.820686569,prediction,22.65969647126899
"2,3-dimethylbutene-1",563-78-0,C=C(C)C(C)C,,500.0,0.227,3.21998955,28.18059308,1369.454058,53.4,2.0,experiment,1.0988639317113915
iso-butanol,,CC(C)CO,,547.78,0.585,4.295158001,44.80006972,598.1932162,26.2,2.4,experiment,1.962178431444405
"2,2-dimethylpentane",,CCCC(C)(C)C,,520.5,0.287102,2.77,31.90350664,829.6089773,47.4,2.0,experiment,1.8228180457468153
"2,2,3-trimethylbutane",,CC(C)C(C)(C)C,,531.1,0.250053,2.95,31.65446944,778.3932335,55.3,2.0,experiment,2.2488532591181625
"2,3-dimethylpentane",,CCC(C)C(C)C,,537.3,0.296407,2.91,33.77082651,667.1267445,49.4,2.0,experiment,2.5006924746276606
"2,3,3-trimethylpentane",,CCC(C)(C)C(C)C,,573.5,0.2903,2.82,36.88283846,371.1167649,61.3412864,8.620589961,prediction,6.09630437425651
"3,4-dimethylhexane",,CCC(C)C(C)CC,,568.8,0.338129,2.69,38.21973821,355.8527816,55.2,2.0,experiment,5.928658305567114
"2,2,5-trimethylhexane",,CC(C)CCC(C)(C)C,,569.8,0.344643,2.33,38.556626,300.4441496,67.78313528,8.619043197,prediction,8.698751497001574
"2,4,4-trimethylhexane",,CCC(C)(C)CC(C)C,,581.0,0.352203,2.46,39.92295446,260.9802005,67.78313528,8.619043197,prediction,10.368997409592605
"3,3-diethylpentane",,CCC(CC)(CC)CC,,610.05,0.33809,2.67498,42.14675514,179.882218,62.07615159,8.629941203,prediction,14.544563604932046
"2,4-dimethyloctane",,CCCCC(C)CC(C)C,,600.0,0.434479,2.17,45.04302324,144.3678578,68.57057054,8.603174941,prediction,21.394137514266554
"1,3-methylethylbenzene",,CCc1cccc(C)c1,,667.0,0.411361,2.88,50.89996759,60.124001,346.6225335,10.38130202,prediction,293.4448045317824
"1,4-methylethylbenzene",,CCc1ccc(C)cc1,,667.0,0.411361,2.88,50.89996759,60.124001,346.6225335,10.38130202,prediction,293.4448045317824
"1,2-methylethylbenzene",,CCc1ccccc1C,,667.0,0.411361,2.88,50.89996759,60.124001,346.6225335,10.38130202,prediction,293.4448045317824
t-butylbenzene,,CC(C)(C)c1ccccc1,,660.0,0.267406,2.97,43.61984285,104.1045721,291.1,11.6,experiment,121.97097588987641
"1,2-dimethyl-4-ethylbenzene",,CCc1ccc(C)c(C)c1,,667.0,0.411361,2.88,50.89996759,60.124001,346.6225335,10.38130202,prediction,293.4448045317824
"1,2,3,4-tetramethylbenzene",,Cc1ccc(C)c(C)c1C,,693.0,0.417172,3.11,53.79111413,39.36905301,393.0,15.3,experiment,536.9676493798396
naphthalene,,c1ccc2ccccc2c1,,748.4,0.302034,4.05,53.12310615,28.74791955,466.1,8.4,experiment,861.303362612026
"1,2,3-trimethyl-4-ethylbenzene",,CCc1ccc(C)c(C)c1C,,702.7,0.457433,2.795,56.76885981,25.71463567,405.684691,12.04237835,prediction,895.6089304936346
2-methylnaphthalene,,Cc1ccc2ccccc2c1,,761.0,0.378102,3.5,58.44581951,14.2775548,649.1,24.7,experiment,2657.120352564922
ethylnaphthalene,,CCc1cccc2ccccc12,,776.0,0.407332,3.32,61.54186808,8.895432707,732.7,27.4,experiment,5069.087500007998
"2,6-dimethylnaphthalene",,Cc1ccc2cc(C)ccc2c1,,777.0,0.417678,3.17,62.22746852,7.935500333,774.5,29.2,experiment,6073.363032740232
"2,7-dimethylnaphthalene",,Cc1ccc2ccc(C)cc2c1,,775.0,0.447712,3.23,63.72618369,7.316529706,685.1175841,12.14545021,prediction,5967.300177542069
"1,1-dimethylcyclopentane",,CC1(C)CCCC1,,547.0,0.272354,3.445,33.8342485,698.6687961,64.05499177,12.87367549,prediction,3.1019740988996984
"1,1-methylethylcyclopentane",,CC(C)C1CCCC1,,593.0,0.302996,3.04,39.15118929,288.0467288,69.0130389,8.604613033,prediction,9.380222996137817
i-propylcyclopentane,,CCCC1CCCC1,,596.0,0.326642,3.02,40.36134494,261.4949471,63.30605522,8.547439863,prediction,9.771192750994107
i-butylcyclohexane,,CC(C)CC1CCCCC1,,642.1,0.353605,2.585,45.85182179,97.74721447,82.93784258,8.709067505,prediction,38.904957018415935
sec-butylcyclohexane,,CCC(C)C1CCCCC1,,654.0,0.351612,2.585,46.89657255,80.0242341,82.93784258,8.709067505,prediction,48.60403345857763
4-methylpentene-1,,C=CCC(C)C,,496.0,0.238917,3.22,28.1824498,1442.431228,50.2,2.0,experiment,0.9808155512007537
"1,5-hexadiene",,C=CCCC=C,,508.0,0.225872,3.35,28.84707389,1268.191835,49.88060338,9.386289424,prediction,1.1346149783251394
4-methylcyclopentene,,CC1CC=CC1,,527.0,0.235746,4.13,30.82141314,1173.710491,68.53356433,9.202243052,prediction,1.7996782991792288
"2,4,4-trimethyl-1-pentene",,C=C(C)CC(C)(C)C,,550.0,0.301056,2.68,35.11119333,501.7769381,68.5,2.1,experiment,4.79319905018369
undecene-1,,C=CCCCCCCCCC,,637.8,0.522466,2.044,52.79732594,55.71791676,72.8441499,8.692516388,prediction,69.02584570163887
methanol,,CO,,512.5,0.565831,8.084,39.89856727,2219.230517,6.6,3.0,experiment,0.11865849084392345
"1,4-pentadiene",,C=CCC=C,,479.0,0.0836524,3.74,22.31202755,2290.442192,43.43875451,9.399097861,prediction,0.42315265181109046
t-butanol,,CC(C)(C)O,,506.2,0.615203,3.972,40.65109352,1184.095432,27.5,2.3,experiment,0.9441004851372486
n-propanol,,CCCO,,536.8,0.6209,5.169,44.68171825,854.2918525,16.2,2.7,experiment,0.8473027496771075
2-butanol,,CCC(C)O,,535.9,0.580832,4.1885,43.21972847,733.8119771,24.8,2.4,experiment,1.4606592690022748
ethyl-t-butylether,,CCOC(C)(C)C,,509.4,0.316231,2.934,31.7743599,1019.936574,37.9,2.1,experiment,1.180708948878227
dimethoxymethane,,COCOC,,480.6,0.285565,3.95,28.11143465,2183.376815,10.9,2.9,experiment,0.14033978724144325
